technology,count
Game Development,3818
DevOps,3808
Social Media Community Management,2028
System Administration,2014
Mulesoft,1973
Development - Backend,1965
Development - FullStack,1961
Adobe Experience Manager,1954
Data Engineer,1951
Security,1936
Business Intelligence,1934
Development - CMS Frontend,1934
Database Administration,1933
Client Success,1927
Design,1906
QA Manual,1902
Technical Writing,1901
QA Automation,1892
Sales,1890
Development - Frontend,1887
Development - CMS Backend,1882
Business Analytics / Project Management,1878
Salesforce,1874
Security Compliance,1852
